{"count":1,"self":49.6958176,"total":67.5900257,"children":{"AgentResetIfDone":{"count":10119,"self":0.1327779,"total":0.1327779,"children":null},"AgentSendState":{"count":10119,"self":0.3773762,"total":0.4897585,"children":{"CollectObservations":{"count":10119,"self":0.11238229999999999,"total":0.11238229999999999,"children":null}}},"DecideAction":{"count":10119,"self":17.0329744,"total":17.032974199999998,"children":null},"AcademyStep":{"count":10119,"self":0.083939699999999992,"total":0.083939699999999992,"children":null},"AgentAct":{"count":10119,"self":0.1527586,"total":0.1527586,"children":null}}}