{"count":1,"self":12.05866,"total":14.3890009,"children":{"AgentResetIfDone":{"count":1298,"self":0.013987999999999999,"total":0.013987999999999999,"children":null},"AgentSendState":{"count":1298,"self":0.059979,"total":0.0759692,"children":{"CollectObservations":{"count":1298,"self":0.0159902,"total":0.0159902,"children":null}}},"DecideAction":{"count":1298,"self":2.2083687999999997,"total":2.2083687999999997,"children":null},"AcademyStep":{"count":1298,"self":0.0065007999999999993,"total":0.0065007999999999993,"children":null},"AgentAct":{"count":1298,"self":0.0235148,"total":0.0235148,"children":null}}}