{"count":1,"self":11.5687552,"total":12.2260385,"children":{"AgentResetIfDone":{"count":498,"self":0.0059876999999999994,"total":0.0059876999999999994,"children":null},"AgentSendState":{"count":498,"self":0.011977699999999999,"total":0.015962399999999998,"children":{"CollectObservations":{"count":498,"self":0.0039847,"total":0.0039847,"children":null}}},"DecideAction":{"count":498,"self":0.62233129999999992,"total":0.62233129999999992,"children":null},"AcademyStep":{"count":498,"self":0,"total":0,"children":null},"AgentAct":{"count":498,"self":0.0110095,"total":0.0110095,"children":null}}}