{"count":1,"self":31.705536,"total":33.5943067,"children":{"AgentResetIfDone":{"count":1480,"self":0.013129799999999999,"total":0.013129799999999999,"children":null},"AgentSendState":{"count":1480,"self":0.024117299999999998,"total":0.0351773,"children":{"CollectObservations":{"count":1480,"self":0.011059999999999999,"total":0.011059999999999999,"children":null}}},"DecideAction":{"count":1480,"self":1.8149183999999998,"total":1.8149183999999998,"children":null},"AcademyStep":{"count":1480,"self":0.0048592999999999996,"total":0.0048592999999999996,"children":null},"AgentAct":{"count":1480,"self":0.018685399999999998,"total":0.018685399999999998,"children":null}}}